Customer_ID,Name,Street,City,State,Zipcode,Email,Phone,Order_History
1,Teresa Cannon,733 Bennett Vista,Philadelphia,MI,04013,bakerisaac@example.net,+1 908-813-1633,6 orders
2,Scott Perez,66793 Nicole Radial,San Diego,IL,63211,matthewbarnett@example.org,+1 711-678-4332,12 orders
3,Tiffany Ross,076 Cory Place,Jacksonville,ID,66171,mdavis@example.com,+1 429-796-8383,17 orders
4,Christina Mills,5634 Justin Falls Apt. 392,Dallas,MT,66977,douglas09@example.com,+1 782-702-3944,12 orders
5,Willie Harris,881 Campbell Streets Apt. 354,San Diego,TN,65296,williamsonbarry@example.com,+1 693-603-1115,15 orders
6,Mr. Billy Lewis,84600 Sarah Burgs Suite 499,Austin,DC,89373,brivera@example.org,+1 499-556-7928,9 orders
7,Amanda Morton,75103 Franco Village Suite 328,Austin,PW,83356,grossjoy@example.org,+1 417-803-6223,15 orders
8,Ronald Hill,156 Daniel Glens Suite 438,San Jose,KS,24136,janet01@example.org,+1 278-949-7357,18 orders
9,Mr. Brian Miller,1592 Mary Center,Houston,WV,24320,harrellvirginia@example.org,+1 554-689-4769,17 orders
10,Jack Tyler,4999 Garcia Square Apt. 584,Los Angeles,ME,09957,jeffery78@example.com,+1 600-851-7787,13 orders
11,Matthew Thomas,9091 Scott Mount,Fort Worth,OK,77440,garydiaz@example.com,+1 907-622-9771,6 orders
12,Morgan Goodwin,399 Smith Rapid Apt. 498,Dallas,RI,42383,josephmayer@example.org,+1 438-273-7734,11 orders
13,Jason Moore,242 Christina View,San Diego,AR,71724,ryan08@example.org,+1 538-910-8969,16 orders
14,Andrew Matthews,06833 Nicholas Station,Fort Worth,UT,44633,rjordan@example.net,+1 960-916-7080,8 orders
15,Jason Griffith,268 Carrie Forks Apt. 837,Phoenix,MP,05016,mccormickrachel@example.com,+1 463-640-6377,14 orders
16,Greg Medina,784 Fox Glens Apt. 675,Charlotte,RI,40609,drose@example.org,+1 723-850-6029,3 orders
17,Cynthia Mckinney,896 Pierce Trace,San Diego,IL,20353,smithchristian@example.net,+1 824-639-3600,11 orders
18,Stephen Parrish,6926 Christopher Burgs Apt. 618,Columbus,MO,87731,markmann@example.org,+1 741-371-6739,2 orders
19,Kyle Jackson,30253 Sampson Spurs Suite 798,San Diego,AZ,67840,hernandezjasmin@example.net,+1 658-741-5632,10 orders
20,Megan Raymond,0811 Eduardo Corners Apt. 413,New York,MO,15685,kaufmancatherine@example.net,+1 490-444-2632,17 orders
21,John Berry,837 Tracy Estate Apt. 845,San Jose,IA,75390,abigail35@example.net,+1 225-558-7244,12 orders
22,Brittany Thomas,52541 Berry Place Apt. 557,Phoenix,MH,80536,vlang@example.com,+1 777-579-1666,10 orders
23,Derek Rodriguez,30318 Anderson Ford,Columbus,FM,95415,barnesdennis@example.org,+1 478-658-5026,3 orders
24,Lucas Guzman,250 Isaiah Roads,San Diego,GA,89003,ellistamara@example.net,+1 967-858-3073,11 orders
25,Caitlin White,66664 Dennis Streets,San Antonio,KY,99818,joseph51@example.org,+1 738-467-1962,9 orders
26,Douglas Sanchez,728 Wallace Spur,Columbus,MT,21170,willisbethany@example.net,+1 345-827-6162,17 orders
27,Mitchell Holmes,227 David Square,San Antonio,OK,14220,ywallace@example.org,+1 570-366-8748,6 orders
28,Donna Shields,283 Petty Vista Suite 982,Jacksonville,CT,43594,eevans@example.net,+1 768-773-7358,15 orders
29,Harold Raymond,293 Thomas Ramp Apt. 862,Jacksonville,HI,43716,katherineoconnor@example.org,+1 989-590-3218,10 orders
30,Douglas Williams,580 Brown Flats,Los Angeles,DE,87122,ptorres@example.com,+1 307-453-7316,10 orders
31,Willie Richardson,61716 Dakota Rapid Suite 951,San Diego,HI,90691,erika15@example.net,+1 550-234-3656,3 orders
32,Elizabeth Barajas,624 Amanda Ways,Austin,ID,48874,erikadavid@example.net,+1 884-865-2790,14 orders
33,Tonya Erickson DDS,0922 Edward Expressway Suite 316,Phoenix,NV,81393,mark25@example.net,+1 220-432-6632,20 orders
34,Mr. Mitchell Martinez Jr.,7743 Jeffrey Motorway Suite 140,Phoenix,AZ,64764,laurenscott@example.net,+1 273-402-4966,12 orders
35,Michael Floyd,2072 Catherine Drive Suite 853,Fort Worth,AL,95756,nicholslaurie@example.org,+1 745-983-6310,1 orders
36,Samuel Mendoza,14221 Stout Pike Suite 590,San Jose,TX,81999,burketimothy@example.org,+1 228-264-9261,13 orders
37,William Roberts,645 Ochoa Way,Charlotte,WV,98712,patelleslie@example.org,+1 979-752-4585,16 orders
38,Mario Johnson,98233 Regina Spur Apt. 636,San Antonio,SC,98547,meredithlopez@example.net,+1 261-959-2120,10 orders
39,Teresa Melendez,5033 Lynch Estates Suite 079,Columbus,ME,87525,baldwincody@example.com,+1 642-781-5180,12 orders
40,Tabitha Cooper,1178 Wallace Cliffs Apt. 758,Columbus,CA,31995,zwong@example.net,+1 774-855-9572,17 orders
41,Sharon Hayes,12116 Lyons Tunnel Apt. 508,Los Angeles,ID,54182,brandy52@example.org,+1 326-928-7436,2 orders
42,Sandy Perry,848 Adam Corners,Dallas,FL,01007,garciawhitney@example.com,+1 258-689-6982,11 orders
43,Scott Martinez,4589 Christina Flats,Jacksonville,NJ,71212,thomaslauren@example.net,+1 779-732-7083,15 orders
44,Loretta Gomez,18721 Anthony Camp,Fort Worth,IL,91632,freemandaniel@example.org,+1 639-895-8691,11 orders
45,Leon Joyce,1341 Angela Plains Apt. 841,Phoenix,NH,01446,vcummings@example.org,+1 507-216-4437,2 orders
46,Douglas Moore,50810 Wilson Trace Suite 098,Phoenix,MT,33190,joseph75@example.com,+1 460-433-7664,2 orders
47,William Silva,5692 Mary Corner Suite 583,Columbus,LA,72656,hmitchell@example.net,+1 209-999-2085,16 orders
48,Kathleen Hill,291 Susan Orchard Suite 740,Los Angeles,DE,24244,jesse45@example.com,+1 989-709-3858,15 orders
49,Donna Greer,027 Miller Walk Apt. 284,Chicago,NE,39677,rose39@example.net,+1 268-676-7360,18 orders
50,Michael Johnson,2125 Carly Ridge Apt. 425,Jacksonville,OK,66484,jenkinsdaniel@example.org,+1 333-399-2745,5 orders
51,David Turner,53457 Steele Groves,Houston,FM,19793,townsendmary@example.com,+1 915-574-8969,7 orders
52,Lori Green,20015 Evelyn Forge,New York,GU,30984,crystal68@example.com,+1 663-622-5090,2 orders
53,Donald Horton,254 Jennifer Mountain,Los Angeles,OR,16868,wigginskimberly@example.com,+1 735-296-4846,2 orders
54,Kimberly Davis,7261 Zachary Wells Apt. 171,San Diego,DE,06000,marysloan@example.org,+1 810-220-9239,5 orders
55,Sandy Harper,6124 Catherine Junction Apt. 576,New York,DE,58508,norrishannah@example.net,+1 824-639-6330,16 orders
56,Stacey Howard,304 Barnes Route Apt. 390,Philadelphia,MP,82708,mark50@example.net,+1 637-401-8543,19 orders
57,Michael Williams,310 Amber Ville,New York,NY,71566,rebecca98@example.org,+1 307-689-7356,17 orders
58,Caroline Nichols,8392 Moore Port,Columbus,NE,15456,browncatherine@example.org,+1 738-514-5694,11 orders
59,Scott Guzman,733 Jessica Glens,Fort Worth,SD,42262,amber31@example.net,+1 552-233-3325,6 orders
60,Connor Perkins,874 Johnson Lane,Charlotte,MI,16702,lisa61@example.org,+1 401-607-9572,19 orders
61,Christina Khan,57535 Mario Shore Apt. 597,Los Angeles,PR,84321,jennifer04@example.com,+1 824-358-4009,3 orders
62,Erik Fernandez,034 Wilson Turnpike Apt. 975,Charlotte,AZ,98995,rebecca87@example.org,+1 691-677-6159,15 orders
63,Kayla Roth,05178 Samantha Pine,Columbus,PA,43035,wsmith@example.org,+1 390-473-9640,11 orders
64,Misty Crawford,13798 Karen Landing,Fort Worth,MH,06085,sarahhawkins@example.net,+1 936-524-3690,9 orders
65,Jimmy Griffin,720 Jeffrey Shores Suite 123,Los Angeles,MO,78736,victorfernandez@example.net,+1 717-710-4817,10 orders
66,Jenna Gonzales,80538 Louis Island,Chicago,KY,28387,nicole12@example.net,+1 232-859-9393,20 orders
67,Cory Rodriguez,5544 Willis Course,Los Angeles,LA,09309,yvette93@example.org,+1 415-757-3356,14 orders
68,David Esparza,24336 Scott Curve,San Jose,WI,78530,rickthompson@example.org,+1 641-659-1099,12 orders
69,Barbara Martin,4865 Sabrina Islands,San Antonio,MO,50382,hayneskathy@example.com,+1 494-598-6036,20 orders
70,David Gonzales,49545 Ross Isle,Chicago,WA,77287,ericcastillo@example.net,+1 613-813-6822,12 orders
71,Kayla Hill,37020 Stacey Unions Apt. 116,Los Angeles,MN,08027,houstonwendy@example.org,+1 505-651-5117,10 orders
72,Laura Smith,0394 Flores Way,Chicago,VI,19062,gjones@example.com,+1 329-453-4316,6 orders
73,Michelle Cook,150 Escobar Well Suite 751,San Antonio,AL,98037,cortezadam@example.net,+1 377-348-7669,4 orders
74,Christopher Hall,96135 Valdez Trace,New York,MO,68488,smithlatoya@example.com,+1 592-430-6012,16 orders
75,Sarah Ortiz,0936 Potter Flat,New York,WA,71414,tristan67@example.com,+1 728-447-1767,7 orders
76,Michael Woods,9003 Kelsey Pass Suite 534,Philadelphia,SD,47072,franciscoanderson@example.net,+1 433-336-8491,19 orders
77,Marcus Coleman,85938 Roberson River Suite 311,Chicago,AK,50183,eho@example.org,+1 388-475-7059,7 orders
78,Summer Wiley,24312 Richardson Tunnel,Philadelphia,FL,05534,danielswanson@example.com,+1 670-221-4080,15 orders
79,Jeff Roach,112 Anthony Crest Suite 509,Fort Worth,WI,66659,ewarren@example.org,+1 722-834-2592,5 orders
80,Tammy Marks,8466 Becker Courts Apt. 626,San Antonio,NC,51316,billymassey@example.net,+1 497-314-4312,13 orders
81,Matthew Martin,9554 Anthony Circle Apt. 566,Phoenix,PR,99002,owarren@example.net,+1 274-261-2849,19 orders
82,Julia Fisher,4431 Kristin Harbor Suite 915,Columbus,OR,80334,jeremiah27@example.net,+1 780-859-5097,13 orders
83,Jennifer Wright,1394 William Forest,Chicago,MT,11879,melissa22@example.org,+1 467-900-5033,9 orders
84,Tina Colon,4194 Duane Forges,San Jose,CO,55376,melissacarson@example.net,+1 506-397-3136,13 orders
85,Shelly Marks,150 Edward Mill,Columbus,GA,69654,amyfletcher@example.org,+1 289-782-7859,6 orders
86,Cody Coleman,72508 Leach Meadows,Los Angeles,DE,88952,ericacook@example.org,+1 944-769-5931,3 orders
87,Joseph Floyd,22027 Joseph Fork Suite 353,Houston,AZ,30795,brownjennifer@example.org,+1 932-646-2209,2 orders
88,Lauren Gomez,45393 Bird Square Suite 340,San Antonio,AK,03250,evillarreal@example.net,+1 463-738-5874,4 orders
89,Debbie Leon,67003 Francisco Crest Apt. 273,Dallas,WY,55107,rowlandrebecca@example.org,+1 745-769-7218,11 orders
90,Kyle Marshall,02023 Garcia Bridge,San Antonio,AL,75384,fshannon@example.net,+1 470-762-7265,16 orders
91,Joshua Gonzales,572 Nicole Lock,Phoenix,NJ,03135,davelee@example.org,+1 736-439-3775,8 orders
92,Travis Foster,9701 Matthew Drive,Philadelphia,GU,72533,corey33@example.net,+1 851-292-4077,8 orders
93,Emily Sanchez,5841 Miranda Station,Houston,WV,91554,kmccullough@example.net,+1 246-578-7574,8 orders
94,Sherry Smith,855 Lee Mountains,San Antonio,OH,56553,josephsue@example.net,+1 938-834-2200,9 orders
95,Courtney Nunez,31093 Davis Corners Apt. 214,Austin,TN,23130,lisa95@example.org,+1 496-577-7513,7 orders
96,Paul Dean,60966 Smith Circle Suite 212,San Antonio,NY,83250,james49@example.org,+1 622-762-7170,8 orders
97,James Daniels,743 Forbes Bypass Suite 643,Houston,MO,67434,justinsmith@example.org,+1 856-807-9520,15 orders
98,David Spears,18927 Fred Way,Philadelphia,AS,26208,jonathan00@example.net,+1 590-900-6888,10 orders
99,Julie Wallace,712 Bryant Pass Suite 558,Charlotte,CO,33816,anthonymichael@example.com,+1 972-504-1054,12 orders
100,Ashlee Diaz,2316 White Vista,Columbus,CO,74483,flowersmelissa@example.org,+1 409-905-7651,14 orders
